{"bodySpeed":2.0,"bodyAcceleration":5.0,"enableWallWalk":true,"enableJump":true,"jumpForce":1000.0,"horizontalVelocityMultiplierForce":150.0,"preLegBendTime":0.20000000298023225,"enableFlipToMouse":false,"invertFlipToMouse":false,"positionTarget":{"instanceID":37568},"pl2d_AxialBone":{"instanceID":38152},"isFlipped":false,"rig2d":{"instanceID":38156},"pressedJump":false,"pathPoints":[{"x":5.5228118896484379,"y":-2.455317974090576,"z":0.0},{"x":1.2934160232543946,"y":-2.597219944000244,"z":0.0},{"x":-3.348466634750366,"y":-4.16270112991333,"z":0.0}],"currentPathPoint":0}